AndresContrerasOfficial	https://www.youtube.com/watch?v=uLmvH1oSfrI	uLmvH1oSfrI
WolfOfWallSt	https://www.youtube.com/watch?v=_l1lpOwDxB4	_l1lpOwDxB4
AndresContrerasOfficial	https://www.youtube.com/watch?v=_snHoVKqwYw	_snHoVKqwYw
AndresContrerasOfficial	https://www.youtube.com/watch?v=_Fq7DXOdhTY	_Fq7DXOdhTY
WolfOfWallSt	https://www.youtube.com/watch?v=_9u9j86zRs8	_9u9j86zRs8
AndresContrerasOfficial	https://www.youtube.com/watch?v=_oP9LyXwYTc	_oP9LyXwYTc
AndresContrerasOfficial	https://www.youtube.com/watch?v=_HEMtHf_4NQ	_HEMtHf_4NQ
WolfOfWallSt	https://www.youtube.com/watch?v=_F8b0cj13yk	_F8b0cj13yk
WolfOfWallSt	https://www.youtube.com/watch?v=LNA4JGeZFzY	LNA4JGeZFzY
WolfOfWallSt	https://www.youtube.com/watch?v=_ih7XnzXmDc	_ih7XnzXmDc
WolfOfWallSt	https://www.youtube.com/watch?v=skiHhkBiuro	skiHhkBiuro
AndresContrerasOfficial	https://www.youtube.com/watch?v=_E5wAAykXpU	_E5wAAykXpU
WolfOfWallSt	https://www.youtube.com/watch?v=P8lTskaEVZ8	P8lTskaEVZ8
WolfOfWallSt	https://www.youtube.com/watch?v=_xetI54KYG0	_xetI54KYG0
AndresContrerasOfficial	https://www.youtube.com/watch?v=_OSgdniCedc	_OSgdniCedc
WolfOfWallSt	https://www.youtube.com/watch?v=aoLgQjkspfY	aoLgQjkspfY
AndresContrerasOfficial	https://www.youtube.com/watch?v=Th-bn1zmiyM	Th-bn1zmiyM
WolfOfWallSt	https://www.youtube.com/watch?v=Vc4l0LcO0fE	Vc4l0LcO0fE
WolfOfWallSt	https://www.youtube.com/watch?v=v444eQXKBOI	v444eQXKBOI
WolfOfWallSt	https://www.youtube.com/watch?v=2tYJfc8VdY4	2tYJfc8VdY4
WolfOfWallSt	https://www.youtube.com/watch?v=PKJuOM4bQJs	PKJuOM4bQJs
WolfOfWallSt	https://www.youtube.com/watch?v=ZwGkVvEkCoY	ZwGkVvEkCoY
AndresContrerasOfficial	https://www.youtube.com/watch?v=A7bVzhfC_wY	A7bVzhfC_wY
WolfOfWallSt	https://www.youtube.com/watch?v=HZBwgzmpSps	HZBwgzmpSps
WolfOfWallSt	https://www.youtube.com/watch?v=O-imh8sifGc	O-imh8sifGc
AndresContrerasOfficial	https://www.youtube.com/watch?v=2CBzldMEMKE	2CBzldMEMKE
WolfOfWallSt	https://www.youtube.com/watch?v=lbQnvWshWsw	lbQnvWshWsw
WolfOfWallSt	https://www.youtube.com/watch?v=vWesmcKSPZk	vWesmcKSPZk
WolfOfWallSt	https://www.youtube.com/watch?v=XE6k9N2_ZBI	XE6k9N2_ZBI
WolfOfWallSt	https://www.youtube.com/watch?v=_LZAmnf2DIg	_LZAmnf2DIg
AndresContrerasOfficial	https://www.youtube.com/watch?v=tSs6mzAabf0	tSs6mzAabf0
AndresContrerasOfficial	https://www.youtube.com/watch?v=jL-I4Ic9-B4	jL-I4Ic9-B4
WolfOfWallSt	https://www.youtube.com/watch?v=-RRYP-SM_rE	-RRYP-SM_rE
AndresContrerasOfficial	https://www.youtube.com/watch?v=_NLk2Z8Nir8	_NLk2Z8Nir8
WolfOfWallSt	https://www.youtube.com/watch?v=STwBBTvu_Nw	STwBBTvu_Nw
WolfOfWallSt	https://www.youtube.com/watch?v=FOvhIjpUp_0	FOvhIjpUp_0
WolfOfWallSt	https://www.youtube.com/watch?v=AOrLkYDsPi8	AOrLkYDsPi8
WolfOfWallSt	https://www.youtube.com/watch?v=zwPjhPcT01g	zwPjhPcT01g
WolfOfWallSt	https://www.youtube.com/watch?v=V_5XYvqZ9zo	V_5XYvqZ9zo
WolfOfWallSt	https://www.youtube.com/watch?v=K40qLEwgnJI	K40qLEwgnJI
WolfOfWallSt	https://www.youtube.com/watch?v=QzJM7RLNS6g	QzJM7RLNS6g
AndresContrerasOfficial	https://www.youtube.com/watch?v=-EXDUSLOKCE	-EXDUSLOKCE
WolfOfWallSt	https://www.youtube.com/watch?v=oHwHEtbVGbA	oHwHEtbVGbA
WolfOfWallSt	https://www.youtube.com/watch?v=N5IP218E6Ac	N5IP218E6Ac
WolfOfWallSt	https://www.youtube.com/watch?v=klskZCTVlCs	klskZCTVlCs
WolfOfWallSt	https://www.youtube.com/watch?v=8xoX6LTG5l0	8xoX6LTG5l0
WolfOfWallSt	https://www.youtube.com/watch?v=n2coSgpRxLE	n2coSgpRxLE
AndresContrerasOfficial	https://www.youtube.com/watch?v=gHgAuol8PQs	gHgAuol8PQs
WolfOfWallSt	https://www.youtube.com/watch?v=SPVGe6KCEv4	SPVGe6KCEv4
WolfOfWallSt	https://www.youtube.com/watch?v=RoJfudPCB60	RoJfudPCB60
AndresContrerasOfficial	https://www.youtube.com/watch?v=KBdCtJKvfZQ	KBdCtJKvfZQ
WolfOfWallSt	https://www.youtube.com/watch?v=v-BwQ2QruII	v-BwQ2QruII
WolfOfWallSt	https://www.youtube.com/watch?v=_wR8-n8i55w	_wR8-n8i55w
WolfOfWallSt	https://www.youtube.com/watch?v=9YsBrMcPDug	9YsBrMcPDug
WolfOfWallSt	https://www.youtube.com/watch?v=FBKizIpmE4Q	FBKizIpmE4Q
WolfOfWallSt	https://www.youtube.com/watch?v=j6OXGIawoIg	j6OXGIawoIg
WolfOfWallSt	https://www.youtube.com/watch?v=VSPP25W5XFA	VSPP25W5XFA
AndresContrerasOfficial	https://www.youtube.com/watch?v=t1ikPkNzZeU	t1ikPkNzZeU
WolfOfWallSt	https://www.youtube.com/watch?v=T033VWYrYBo	T033VWYrYBo
WolfOfWallSt	https://www.youtube.com/watch?v=LuhbmZ8yQ9E	LuhbmZ8yQ9E
AndresContrerasOfficial	https://www.youtube.com/watch?v=-FMYuVZABMk	-FMYuVZABMk
WolfOfWallSt	https://www.youtube.com/watch?v=qZ35CEQ0Tew	qZ35CEQ0Tew
WolfOfWallSt	https://www.youtube.com/watch?v=a-apzhMuvp8	a-apzhMuvp8
AndresContrerasOfficial	https://www.youtube.com/watch?v=8-PioTZb8bo	8-PioTZb8bo
AndresContrerasOfficial	https://www.youtube.com/watch?v=LapVxiAnEls	LapVxiAnEls
WolfOfWallSt	https://www.youtube.com/watch?v=y6Rf7DloGSA	y6Rf7DloGSA
WolfOfWallSt	https://www.youtube.com/watch?v=YwpQy21j1g0	YwpQy21j1g0
WolfOfWallSt	https://www.youtube.com/watch?v=H1V4kXb9PVM	H1V4kXb9PVM
WolfOfWallSt	https://www.youtube.com/watch?v=Uu-LCHWb7Bw	Uu-LCHWb7Bw
WolfOfWallSt	https://www.youtube.com/watch?v=GCCKQd1Opm8	GCCKQd1Opm8
WolfOfWallSt	https://www.youtube.com/watch?v=nzdo5FU6TRQ	nzdo5FU6TRQ
WolfOfWallSt	https://www.youtube.com/watch?v=_8ihUS04B1M	_8ihUS04B1M
WolfOfWallSt	https://www.youtube.com/watch?v=SG5qzb1BHVs	SG5qzb1BHVs
WolfOfWallSt	https://www.youtube.com/watch?v=R70idKjVMSM	R70idKjVMSM
AndresContrerasOfficial	https://www.youtube.com/watch?v=_J_ZXMXdtuo	_J_ZXMXdtuo
WolfOfWallSt	https://www.youtube.com/watch?v=KSo5o28CQDw	KSo5o28CQDw
WolfOfWallSt	https://www.youtube.com/watch?v=5vBqmUySemA	5vBqmUySemA
AndresContrerasOfficial	https://www.youtube.com/watch?v=5D3PoGqLkTU	5D3PoGqLkTU
WolfOfWallSt	https://www.youtube.com/watch?v=d2R2xxQjahc	d2R2xxQjahc
AndresContrerasOfficial	https://www.youtube.com/watch?v=MaT6xLdscD4	MaT6xLdscD4
WolfOfWallSt	https://www.youtube.com/watch?v=x9MIgGB2nm4	x9MIgGB2nm4
AndresContrerasOfficial	https://www.youtube.com/watch?v=5xoN-_CYWEQ	5xoN-_CYWEQ
WolfOfWallSt	https://www.youtube.com/watch?v=WVvmSWvFQv0	WVvmSWvFQv0
WolfOfWallSt	https://www.youtube.com/watch?v=ojcp8ZRHiwc	ojcp8ZRHiwc
WolfOfWallSt	https://www.youtube.com/watch?v=RY_w6fmn1q0	RY_w6fmn1q0
AndresContrerasOfficial	https://www.youtube.com/watch?v=naLWmRyDi9Q	naLWmRyDi9Q
WolfOfWallSt	https://www.youtube.com/watch?v=SoUN7jQSZBs	SoUN7jQSZBs
AndresContrerasOfficial	https://www.youtube.com/watch?v=amitnLCfCRQ	amitnLCfCRQ
WolfOfWallSt	https://www.youtube.com/watch?v=5oTgEOFrQUk	5oTgEOFrQUk
WolfOfWallSt	https://www.youtube.com/watch?v=v1x6XAfbR04	v1x6XAfbR04
WolfOfWallSt	https://www.youtube.com/watch?v=DhFWA5Gy0lo	DhFWA5Gy0lo
WolfOfWallSt	https://www.youtube.com/watch?v=zvrbnEEGWOw	zvrbnEEGWOw
WolfOfWallSt	https://www.youtube.com/watch?v=linHn73fEB8	linHn73fEB8
WolfOfWallSt	https://www.youtube.com/watch?v=3JnkOCSnY3k	3JnkOCSnY3k
AndresContrerasOfficial	https://www.youtube.com/watch?v=M_rDJQxbyfU	M_rDJQxbyfU
AndresContrerasOfficial	https://www.youtube.com/watch?v=HelnaN_aUTQ	HelnaN_aUTQ
WolfOfWallSt	https://www.youtube.com/watch?v=wYNYzmieEJc	wYNYzmieEJc
AndresContrerasOfficial	https://www.youtube.com/watch?v=mF0oA3paLyk	mF0oA3paLyk
AndresContrerasOfficial	https://www.youtube.com/watch?v=zYBBdFTo30w	zYBBdFTo30w
AndresContrerasOfficial	https://www.youtube.com/watch?v=B3_Mhp0iWfM	B3_Mhp0iWfM
WolfOfWallSt	https://www.youtube.com/watch?v=nyJGOBw1uAA	nyJGOBw1uAA
WolfOfWallSt	https://www.youtube.com/watch?v=9paP_b14_U4	9paP_b14_U4
WolfOfWallSt	https://www.youtube.com/watch?v=zgs0AJDEjZs	zgs0AJDEjZs
WolfOfWallSt	https://www.youtube.com/watch?v=ud-yhTpEk3g	ud-yhTpEk3g
WolfOfWallSt	https://www.youtube.com/watch?v=0rJTzvrg0QY	0rJTzvrg0QY
WolfOfWallSt	https://www.youtube.com/watch?v=ZGxRN9tg1uE	ZGxRN9tg1uE
WolfOfWallSt	https://www.youtube.com/watch?v=5uBEG9iLrws	5uBEG9iLrws
WolfOfWallSt	https://www.youtube.com/watch?v=Un20uNppJiE	Un20uNppJiE
AndresContrerasOfficial	https://www.youtube.com/watch?v=08nI3JoGJSc	08nI3JoGJSc
WolfOfWallSt	https://www.youtube.com/watch?v=5pX4t_4HGmI	5pX4t_4HGmI
WolfOfWallSt	https://www.youtube.com/watch?v=mU5nLj-2-KM	mU5nLj-2-KM
WolfOfWallSt	https://www.youtube.com/watch?v=61GjP9LB5bs	61GjP9LB5bs
WolfOfWallSt	https://www.youtube.com/watch?v=a_NJHmau5Qw	a_NJHmau5Qw
AndresContrerasOfficial	https://www.youtube.com/watch?v=7CxstJpjVq4	7CxstJpjVq4
AndresContrerasOfficial	https://www.youtube.com/watch?v=_M5Uk0Radzs	_M5Uk0Radzs
WolfOfWallSt	https://www.youtube.com/watch?v=kiiX6z_Q9eA	kiiX6z_Q9eA
WolfOfWallSt	https://www.youtube.com/watch?v=DisARq0HyUo	DisARq0HyUo
AndresContrerasOfficial	https://www.youtube.com/watch?v=GTUAfdQ91kY	GTUAfdQ91kY
AndresContrerasOfficial	https://www.youtube.com/watch?v=F21OOS5jNEU	F21OOS5jNEU
AndresContrerasOfficial	https://www.youtube.com/watch?v=tanlbMAWY3Q	tanlbMAWY3Q
WolfOfWallSt	https://www.youtube.com/watch?v=2tNTHPQt8Gs	2tNTHPQt8Gs
WolfOfWallSt	https://www.youtube.com/watch?v=mObO6RyufRA	mObO6RyufRA
AndresContrerasOfficial	https://www.youtube.com/watch?v=L15DRGM_asw	L15DRGM_asw
AndresContrerasOfficial	https://www.youtube.com/watch?v=r8Q2QmYx4go	r8Q2QmYx4go
WolfOfWallSt	https://www.youtube.com/watch?v=ME7mCiFfOBc	ME7mCiFfOBc
AndresContrerasOfficial	https://www.youtube.com/watch?v=QBdwrh0WScg	QBdwrh0WScg
WolfOfWallSt	https://www.youtube.com/watch?v=fk05ZWtkiH4	fk05ZWtkiH4
WolfOfWallSt	https://www.youtube.com/watch?v=5e6IeuOmwiw	5e6IeuOmwiw
AndresContrerasOfficial	https://www.youtube.com/watch?v=8qmiG9m6afU	8qmiG9m6afU
WolfOfWallSt	https://www.youtube.com/watch?v=d0d5vxL_kso	d0d5vxL_kso
WolfOfWallSt	https://www.youtube.com/watch?v=-dDzHRCdReU	-dDzHRCdReU
AndresContrerasOfficial	https://www.youtube.com/watch?v=fwmJ2z_hez8	fwmJ2z_hez8
WolfOfWallSt	https://www.youtube.com/watch?v=FzaO1tIkCT0	FzaO1tIkCT0
WolfOfWallSt	https://www.youtube.com/watch?v=pckf_9Dpyaw	pckf_9Dpyaw
AndresContrerasOfficial	https://www.youtube.com/watch?v=EYyzpZtxNZE	EYyzpZtxNZE
AndresContrerasOfficial	https://www.youtube.com/watch?v=Pn5-SbfXGF4	Pn5-SbfXGF4
AndresContrerasOfficial	https://www.youtube.com/watch?v=tKSDaAxGIFM	tKSDaAxGIFM
WolfOfWallSt	https://www.youtube.com/watch?v=csA8G-Dm1YM	csA8G-Dm1YM
AndresContrerasOfficial	https://www.youtube.com/watch?v=QnFFh4cuB20	QnFFh4cuB20
WolfOfWallSt	https://www.youtube.com/watch?v=YUiQz9c4Sgs	YUiQz9c4Sgs
WolfOfWallSt	https://www.youtube.com/watch?v=_ODAjvfpkPU	_ODAjvfpkPU
WolfOfWallSt	https://www.youtube.com/watch?v=iA1dDzydkck	iA1dDzydkck
AndresContrerasOfficial	https://www.youtube.com/watch?v=7tCwZCZOXUE	7tCwZCZOXUE
WolfOfWallSt	https://www.youtube.com/watch?v=ydEexfQybBA	ydEexfQybBA
AndresContrerasOfficial	https://www.youtube.com/watch?v=xDfkXopMXlA	xDfkXopMXlA
WolfOfWallSt	https://www.youtube.com/watch?v=uFE2yMz9D6k	uFE2yMz9D6k
WolfOfWallSt	https://www.youtube.com/watch?v=rVm1dwxfmnM	rVm1dwxfmnM
AndresContrerasOfficial	https://www.youtube.com/watch?v=-aJ8gXmwOd4	-aJ8gXmwOd4
AndresContrerasOfficial	https://www.youtube.com/watch?v=aY64nxfVn4E	aY64nxfVn4E
AndresContrerasOfficial	https://www.youtube.com/watch?v=uH4eCHzxqG0	uH4eCHzxqG0
WolfOfWallSt	https://www.youtube.com/watch?v=HR-R-Y6sMUo	HR-R-Y6sMUo
WolfOfWallSt	https://www.youtube.com/watch?v=fr3Q96rkFak	fr3Q96rkFak
AndresContrerasOfficial	https://www.youtube.com/watch?v=4N88wa_tINU	4N88wa_tINU
AndresContrerasOfficial	https://www.youtube.com/watch?v=gxxcwg1pW5E	gxxcwg1pW5E
WolfOfWallSt	https://www.youtube.com/watch?v=WQqez9v5shA	WQqez9v5shA
WolfOfWallSt	https://www.youtube.com/watch?v=9uM7qXVf_qc	9uM7qXVf_qc
AndresContrerasOfficial	https://www.youtube.com/watch?v=dHcF0A0ouXM	dHcF0A0ouXM
WolfOfWallSt	https://www.youtube.com/watch?v=Swmo4OaXugQ	Swmo4OaXugQ
WolfOfWallSt	https://www.youtube.com/watch?v=lxnKRgngg_A	lxnKRgngg_A
WolfOfWallSt	https://www.youtube.com/watch?v=3eJHCJ5DbTo	3eJHCJ5DbTo
WolfOfWallSt	https://www.youtube.com/watch?v=kK4RFKsmNKg	kK4RFKsmNKg
WolfOfWallSt	https://www.youtube.com/watch?v=6eSjon0lwZ4	6eSjon0lwZ4
WolfOfWallSt	https://www.youtube.com/watch?v=X5vAv7Drpu0	X5vAv7Drpu0
WolfOfWallSt	https://www.youtube.com/watch?v=HqoRuuJTFww	HqoRuuJTFww
WolfOfWallSt	https://www.youtube.com/watch?v=6m_6y8cPQmU	6m_6y8cPQmU
WolfOfWallSt	https://www.youtube.com/watch?v=ecwjYcPs5ow	ecwjYcPs5ow
WolfOfWallSt	https://www.youtube.com/watch?v=6EUeN97qXBw	6EUeN97qXBw
WolfOfWallSt	https://www.youtube.com/watch?v=rr693aeWvIE	rr693aeWvIE
WolfOfWallSt	https://www.youtube.com/watch?v=v4j_yJGrt7M	v4j_yJGrt7M
WolfOfWallSt	https://www.youtube.com/watch?v=qnBgJhXCtjc	qnBgJhXCtjc
WolfOfWallSt	https://www.youtube.com/watch?v=xyYswoUqRTM	xyYswoUqRTM
WolfOfWallSt	https://www.youtube.com/watch?v=oW2i8xohI7I	oW2i8xohI7I
WolfOfWallSt	https://www.youtube.com/watch?v=BcByXtEliWE	BcByXtEliWE
WolfOfWallSt	https://www.youtube.com/watch?v=1-FONi-NSys	1-FONi-NSys
WolfOfWallSt	https://www.youtube.com/watch?v=-hjAkAxt1Bk	-hjAkAxt1Bk
WolfOfWallSt	https://www.youtube.com/watch?v=ATJnKIzDL0I	ATJnKIzDL0I
WolfOfWallSt	https://www.youtube.com/watch?v=V0grZNI-Inw	V0grZNI-Inw
WolfOfWallSt	https://www.youtube.com/watch?v=VG_UM9-5fwg	VG_UM9-5fwg
WolfOfWallSt	https://www.youtube.com/watch?v=4Vv7Z7-UtjY	4Vv7Z7-UtjY
WolfOfWallSt	https://www.youtube.com/watch?v=aMua6FmBkqk	aMua6FmBkqk
WolfOfWallSt	https://www.youtube.com/watch?v=ToqomB3N4g4	ToqomB3N4g4
WolfOfWallSt	https://www.youtube.com/watch?v=B646bUh9jJo	B646bUh9jJo
WolfOfWallSt	https://www.youtube.com/watch?v=1fnj5atrCAs	1fnj5atrCAs
WolfOfWallSt	https://www.youtube.com/watch?v=Rl26ui8bigM	Rl26ui8bigM
WolfOfWallSt	https://www.youtube.com/watch?v=v9CZjk0hn14	v9CZjk0hn14
WolfOfWallSt	https://www.youtube.com/watch?v=ymVBOaJVLzc	ymVBOaJVLzc
WolfOfWallSt	https://www.youtube.com/watch?v=4fzmA0vJsZE	4fzmA0vJsZE
WolfOfWallSt	https://www.youtube.com/watch?v=_WMg_vMIrMM	_WMg_vMIrMM
WolfOfWallSt	https://www.youtube.com/watch?v=YVmXLOxWFAI	YVmXLOxWFAI
WolfOfWallSt	https://www.youtube.com/watch?v=aZrj4tEvAiU	aZrj4tEvAiU
WolfOfWallSt	https://www.youtube.com/watch?v=oSgMOzzq6G8	oSgMOzzq6G8
WolfOfWallSt	https://www.youtube.com/watch?v=CZloxImt8ss	CZloxImt8ss
WolfOfWallSt	https://www.youtube.com/watch?v=iCn9SWsS9tE	iCn9SWsS9tE
WolfOfWallSt	https://www.youtube.com/watch?v=LoD6gbObZlo	LoD6gbObZlo
WolfOfWallSt	https://www.youtube.com/watch?v=BXjuh1059ls	BXjuh1059ls
WolfOfWallSt	https://www.youtube.com/watch?v=gEBSguWHEG4	gEBSguWHEG4
WolfOfWallSt	https://www.youtube.com/watch?v=qmqt1J2zEKY	qmqt1J2zEKY
WolfOfWallSt	https://www.youtube.com/watch?v=81U-BDnpgZc	81U-BDnpgZc
WolfOfWallSt	https://www.youtube.com/watch?v=CL0BXYUA8EA	CL0BXYUA8EA
WolfOfWallSt	https://www.youtube.com/watch?v=FDzb6O1KPZE	FDzb6O1KPZE
WolfOfWallSt	https://www.youtube.com/watch?v=Y1BicZWEpdg	Y1BicZWEpdg
WolfOfWallSt	https://www.youtube.com/watch?v=ExnyRDbjs0M	ExnyRDbjs0M
WolfOfWallSt	https://www.youtube.com/watch?v=MGXAs3AtdDQ	MGXAs3AtdDQ
WolfOfWallSt	https://www.youtube.com/watch?v=GeSPPBGkVts	GeSPPBGkVts
WolfOfWallSt	https://www.youtube.com/watch?v=eNNAmyTMwbg	eNNAmyTMwbg
WolfOfWallSt	https://www.youtube.com/watch?v=rA1pZmFAr0k	rA1pZmFAr0k
WolfOfWallSt	https://www.youtube.com/watch?v=RXdhCdrIgsY	RXdhCdrIgsY
WolfOfWallSt	https://www.youtube.com/watch?v=-dX1rpfd6Ds	-dX1rpfd6Ds
WolfOfWallSt	https://www.youtube.com/watch?v=5G1XHzpc5TE	5G1XHzpc5TE
WolfOfWallSt	https://www.youtube.com/watch?v=6_54ymFjB0M	6_54ymFjB0M
WolfOfWallSt	https://www.youtube.com/watch?v=wIjg8rzlXmw	wIjg8rzlXmw
WolfOfWallSt	https://www.youtube.com/watch?v=iABQ7Nsx99w	iABQ7Nsx99w
WolfOfWallSt	https://www.youtube.com/watch?v=OOmQ_1hlx58	OOmQ_1hlx58
WolfOfWallSt	https://www.youtube.com/watch?v=EgxGCmqNWmU	EgxGCmqNWmU
WolfOfWallSt	https://www.youtube.com/watch?v=Lb_izIlEjvs	Lb_izIlEjvs
WolfOfWallSt	https://www.youtube.com/watch?v=RqFREIcjJBw	RqFREIcjJBw
WolfOfWallSt	https://www.youtube.com/watch?v=AgmtqnDAvZs	AgmtqnDAvZs
WolfOfWallSt	https://www.youtube.com/watch?v=iR7wNQbDxC8	iR7wNQbDxC8
WolfOfWallSt	https://www.youtube.com/watch?v=UWnOp_2I9AA	UWnOp_2I9AA
WolfOfWallSt	https://www.youtube.com/watch?v=Q6IvO1uVcB4	Q6IvO1uVcB4
WolfOfWallSt	https://www.youtube.com/watch?v=2UXgK7jHiyw	2UXgK7jHiyw
WolfOfWallSt	https://www.youtube.com/watch?v=SOUma6MWzLU	SOUma6MWzLU
WolfOfWallSt	https://www.youtube.com/watch?v=3Il_FsuUY6U	3Il_FsuUY6U
WolfOfWallSt	https://www.youtube.com/watch?v=gpZGErDHcTY	gpZGErDHcTY
WolfOfWallSt	https://www.youtube.com/watch?v=pyXklYE1YbQ	pyXklYE1YbQ
WolfOfWallSt	https://www.youtube.com/watch?v=DsRTNTch3nQ	DsRTNTch3nQ
WolfOfWallSt	https://www.youtube.com/watch?v=pncgRMkLrlc	pncgRMkLrlc
WolfOfWallSt	https://www.youtube.com/watch?v=acnP9LoJO6U	acnP9LoJO6U
WolfOfWallSt	https://www.youtube.com/watch?v=odG9X4DR3K0	odG9X4DR3K0
WolfOfWallSt	https://www.youtube.com/watch?v=Coq4Nt352rw	Coq4Nt352rw
WolfOfWallSt	https://www.youtube.com/watch?v=NWnT9lNIiW8	NWnT9lNIiW8
WolfOfWallSt	https://www.youtube.com/watch?v=qs-D9zZhgL0	qs-D9zZhgL0
WolfOfWallSt	https://www.youtube.com/watch?v=Nt2oKH8S0Xw	Nt2oKH8S0Xw
WolfOfWallSt	https://www.youtube.com/watch?v=MAoGe35TpIk	MAoGe35TpIk
WolfOfWallSt	https://www.youtube.com/watch?v=M9_6k3QTDxM	M9_6k3QTDxM
WolfOfWallSt	https://www.youtube.com/watch?v=a7UXnTHh8tU	a7UXnTHh8tU
WolfOfWallSt	https://www.youtube.com/watch?v=JKcQAK8o_RQ	JKcQAK8o_RQ
WolfOfWallSt	https://www.youtube.com/watch?v=OPcIX9gXF5E	OPcIX9gXF5E
WolfOfWallSt	https://www.youtube.com/watch?v=SrWtzDKxkW8	SrWtzDKxkW8
WolfOfWallSt	https://www.youtube.com/watch?v=2H1agd_KOOM	2H1agd_KOOM
WolfOfWallSt	https://www.youtube.com/watch?v=8eTsdX47VhA	8eTsdX47VhA
WolfOfWallSt	https://www.youtube.com/watch?v=mWcK9B-doSk	mWcK9B-doSk
WolfOfWallSt	https://www.youtube.com/watch?v=ffA2FKgrQD4	ffA2FKgrQD4
WolfOfWallSt	https://www.youtube.com/watch?v=ZUcAM-p_958	ZUcAM-p_958
WolfOfWallSt	https://www.youtube.com/watch?v=Jnfp5yHt59Y	Jnfp5yHt59Y
WolfOfWallSt	https://www.youtube.com/watch?v=OP5npGhEKlM	OP5npGhEKlM
WolfOfWallSt	https://www.youtube.com/watch?v=7GG-Ve2--CE	7GG-Ve2--CE
WolfOfWallSt	https://www.youtube.com/watch?v=9S0jJTlTIM4	9S0jJTlTIM4
WolfOfWallSt	https://www.youtube.com/watch?v=zDIDOk_Pfmw	zDIDOk_Pfmw
WolfOfWallSt	https://www.youtube.com/watch?v=8sAh-2-d43Q	8sAh-2-d43Q
WolfOfWallSt	https://www.youtube.com/watch?v=YpRwRfC5QEI	YpRwRfC5QEI
WolfOfWallSt	https://www.youtube.com/watch?v=Lrqt7vBYGww	Lrqt7vBYGww
WolfOfWallSt	https://www.youtube.com/watch?v=8V6rpKStzxU	8V6rpKStzxU
WolfOfWallSt	https://www.youtube.com/watch?v=hzU0fbIwhp8	hzU0fbIwhp8
WolfOfWallSt	https://www.youtube.com/watch?v=-23Fw47X4cw	-23Fw47X4cw
WolfOfWallSt	https://www.youtube.com/watch?v=ZkEV9nZoNWc	ZkEV9nZoNWc
WolfOfWallSt	https://www.youtube.com/watch?v=JzFmOHuu_is	JzFmOHuu_is
WolfOfWallSt	https://www.youtube.com/watch?v=1Gf4UMSeN58	1Gf4UMSeN58
WolfOfWallSt	https://www.youtube.com/watch?v=x5-yUHgsp2c	x5-yUHgsp2c
WolfOfWallSt	https://www.youtube.com/watch?v=gmh50iCY6JQ	gmh50iCY6JQ
WolfOfWallSt	https://www.youtube.com/watch?v=uBdWYY5rW3I	uBdWYY5rW3I
WolfOfWallSt	https://www.youtube.com/watch?v=JDecehXE1PE	JDecehXE1PE
WolfOfWallSt	https://www.youtube.com/watch?v=x-SfS-amCPo	x-SfS-amCPo
WolfOfWallSt	https://www.youtube.com/watch?v=T7OZXfaZcNQ	T7OZXfaZcNQ
WolfOfWallSt	https://www.youtube.com/watch?v=KmFPRyABPhU	KmFPRyABPhU
WolfOfWallSt	https://www.youtube.com/watch?v=0LXm49IHUT8	0LXm49IHUT8
WolfOfWallSt	https://www.youtube.com/watch?v=jMOYh_X5X1U	jMOYh_X5X1U
WolfOfWallSt	https://www.youtube.com/watch?v=vf_5qln2fIs	vf_5qln2fIs
WolfOfWallSt	https://www.youtube.com/watch?v=BjhY9VM6X8s	BjhY9VM6X8s
WolfOfWallSt	https://www.youtube.com/watch?v=TL2COMoo-f4	TL2COMoo-f4
WolfOfWallSt	https://www.youtube.com/watch?v=BboEot53LOI	BboEot53LOI
WolfOfWallSt	https://www.youtube.com/watch?v=6ihrixlPOao	6ihrixlPOao
WolfOfWallSt	https://www.youtube.com/watch?v=iGqT06NsvfY	iGqT06NsvfY
WolfOfWallSt	https://www.youtube.com/watch?v=nCttV_1sMRc	nCttV_1sMRc
WolfOfWallSt	https://www.youtube.com/watch?v=ku7kqh5-CMo	ku7kqh5-CMo
WolfOfWallSt	https://www.youtube.com/watch?v=B8WB67SrEoY	B8WB67SrEoY
WolfOfWallSt	https://www.youtube.com/watch?v=n87vJFiPkj4	n87vJFiPkj4
WolfOfWallSt	https://www.youtube.com/watch?v=hG_1J2Ri80k	hG_1J2Ri80k
WolfOfWallSt	https://www.youtube.com/watch?v=_E4M04w0nPI	_E4M04w0nPI
WolfOfWallSt	https://www.youtube.com/watch?v=NnEL6UxGP_E	NnEL6UxGP_E
WolfOfWallSt	https://www.youtube.com/watch?v=nlzitHWc1Ek	nlzitHWc1Ek
WolfOfWallSt	https://www.youtube.com/watch?v=nYiB9VQCQ34	nYiB9VQCQ34
WolfOfWallSt	https://www.youtube.com/watch?v=xn79jUsvxUY	xn79jUsvxUY
WolfOfWallSt	https://www.youtube.com/watch?v=bcszMm0R86U	bcszMm0R86U
WolfOfWallSt	https://www.youtube.com/watch?v=1VZHRvAG9Mc	1VZHRvAG9Mc
WolfOfWallSt	https://www.youtube.com/watch?v=sYg1tREYMKc	sYg1tREYMKc
WolfOfWallSt	https://www.youtube.com/watch?v=TeQNmbblSK8	TeQNmbblSK8
WolfOfWallSt	https://www.youtube.com/watch?v=HrgfMiHtZUg	HrgfMiHtZUg
WolfOfWallSt	https://www.youtube.com/watch?v=Cn0l3fB1cgI	Cn0l3fB1cgI
WolfOfWallSt	https://www.youtube.com/watch?v=9hcMWLqvF1w	9hcMWLqvF1w
WolfOfWallSt	https://www.youtube.com/watch?v=h063P7H-8ro	h063P7H-8ro
WolfOfWallSt	https://www.youtube.com/watch?v=X_M9lO-C8Os	X_M9lO-C8Os
WolfOfWallSt	https://www.youtube.com/watch?v=Wdlqd8vXT6c	Wdlqd8vXT6c
WolfOfWallSt	https://www.youtube.com/watch?v=Vf7LryD8R8M	Vf7LryD8R8M
WolfOfWallSt	https://www.youtube.com/watch?v=N39bXMMNAYY	N39bXMMNAYY
WolfOfWallSt	https://www.youtube.com/watch?v=gfxTNAAnINI	gfxTNAAnINI
WolfOfWallSt	https://www.youtube.com/watch?v=i0wvRIs8eQM	i0wvRIs8eQM
WolfOfWallSt	https://www.youtube.com/watch?v=d7fZtYTQlSY	d7fZtYTQlSY
WolfOfWallSt	https://www.youtube.com/watch?v=7lkkom_4bnQ	7lkkom_4bnQ
WolfOfWallSt	https://www.youtube.com/watch?v=T06T-IjsYcY	T06T-IjsYcY
WolfOfWallSt	https://www.youtube.com/watch?v=pmM9HaIDo6k	pmM9HaIDo6k
WolfOfWallSt	https://www.youtube.com/watch?v=PaAWTb_r3Wg	PaAWTb_r3Wg
WolfOfWallSt	https://www.youtube.com/watch?v=WvNd4sFXsbo	WvNd4sFXsbo
WolfOfWallSt	https://www.youtube.com/watch?v=BDjqgf66iD0	BDjqgf66iD0
WolfOfWallSt	https://www.youtube.com/watch?v=JxZS8JXZqkI	JxZS8JXZqkI
WolfOfWallSt	https://www.youtube.com/watch?v=gVsNCjGcrBE	gVsNCjGcrBE
WolfOfWallSt	https://www.youtube.com/watch?v=zaN4ghsO1Ic	zaN4ghsO1Ic
WolfOfWallSt	https://www.youtube.com/watch?v=bx00DYZtAUo	bx00DYZtAUo
WolfOfWallSt	https://www.youtube.com/watch?v=Ls7YIaOl5Zs	Ls7YIaOl5Zs
WolfOfWallSt	https://www.youtube.com/watch?v=mtEw9NeWwsA	mtEw9NeWwsA
WolfOfWallSt	https://www.youtube.com/watch?v=Di6heFiHwKM	Di6heFiHwKM
WolfOfWallSt	https://www.youtube.com/watch?v=iVlqRwMs31c	iVlqRwMs31c
WolfOfWallSt	https://www.youtube.com/watch?v=2cF3Jfw2g8g	2cF3Jfw2g8g
WolfOfWallSt	https://www.youtube.com/watch?v=ngEaE2iaSUc	ngEaE2iaSUc
WolfOfWallSt	https://www.youtube.com/watch?v=8HajVe4MLcI	8HajVe4MLcI
WolfOfWallSt	https://www.youtube.com/watch?v=vMOByIyx5XE	vMOByIyx5XE
WolfOfWallSt	https://www.youtube.com/watch?v=poERKw1zQjQ	poERKw1zQjQ
WolfOfWallSt	https://www.youtube.com/watch?v=e-R45lHEsIM	e-R45lHEsIM
WolfOfWallSt	https://www.youtube.com/watch?v=llg1GZGa5LM	llg1GZGa5LM
WolfOfWallSt	https://www.youtube.com/watch?v=1nUrMvh5lXw	1nUrMvh5lXw
WolfOfWallSt	https://www.youtube.com/watch?v=DzgBZhIoVYw	DzgBZhIoVYw
WolfOfWallSt	https://www.youtube.com/watch?v=G3_4ClARH6Q	G3_4ClARH6Q
WolfOfWallSt	https://www.youtube.com/watch?v=sBTiy6GiQ5A	sBTiy6GiQ5A
WolfOfWallSt	https://www.youtube.com/watch?v=S9DrJJkkEyo	S9DrJJkkEyo
WolfOfWallSt	https://www.youtube.com/watch?v=1KmLbidhZ5M	1KmLbidhZ5M
WolfOfWallSt	https://www.youtube.com/watch?v=_xAOM4XUBXc	_xAOM4XUBXc
WolfOfWallSt	https://www.youtube.com/watch?v=KJMqMDYsG1Q	KJMqMDYsG1Q
WolfOfWallSt	https://www.youtube.com/watch?v=mAtd6y11wCA	mAtd6y11wCA
WolfOfWallSt	https://www.youtube.com/watch?v=ByDJ6Uev4Lk	ByDJ6Uev4Lk
WolfOfWallSt	https://www.youtube.com/watch?v=X4nDyTkK2hM	X4nDyTkK2hM
WolfOfWallSt	https://www.youtube.com/watch?v=6wPyP3EQGaA	6wPyP3EQGaA
WolfOfWallSt	https://www.youtube.com/watch?v=voQ_a7AmrDI	voQ_a7AmrDI
WolfOfWallSt	https://www.youtube.com/watch?v=QVLCZlry3As	QVLCZlry3As
WolfOfWallSt	https://www.youtube.com/watch?v=VHWp-XrCOv8	VHWp-XrCOv8
WolfOfWallSt	https://www.youtube.com/watch?v=sJHN6GoyiyM	sJHN6GoyiyM
WolfOfWallSt	https://www.youtube.com/watch?v=RChQ0vWkdGI	RChQ0vWkdGI
WolfOfWallSt	https://www.youtube.com/watch?v=4l-dl_6Hn7U	4l-dl_6Hn7U
WolfOfWallSt	https://www.youtube.com/watch?v=6F7GuB_orzM	6F7GuB_orzM
WolfOfWallSt	https://www.youtube.com/watch?v=9m6nSwtEXHs	9m6nSwtEXHs
WolfOfWallSt	https://www.youtube.com/watch?v=5gEdXtVEkas	5gEdXtVEkas
WolfOfWallSt	https://www.youtube.com/watch?v=wNJrzOZxnoQ	wNJrzOZxnoQ
WolfOfWallSt	https://www.youtube.com/watch?v=lya-ObxzMvE	lya-ObxzMvE
WolfOfWallSt	https://www.youtube.com/watch?v=64MQWvjjszI	64MQWvjjszI
WolfOfWallSt	https://www.youtube.com/watch?v=WtCnV8TtwWE	WtCnV8TtwWE
WolfOfWallSt	https://www.youtube.com/watch?v=ZERvQ4YolX0	ZERvQ4YolX0
WolfOfWallSt	https://www.youtube.com/watch?v=j0zbh3yk3tg	j0zbh3yk3tg
WolfOfWallSt	https://www.youtube.com/watch?v=IBZIJ-xFy0M	IBZIJ-xFy0M
WolfOfWallSt	https://www.youtube.com/watch?v=Zgue6XDp2lQ	Zgue6XDp2lQ
WolfOfWallSt	https://www.youtube.com/watch?v=-SmizDhgPdQ	-SmizDhgPdQ
WolfOfWallSt	https://www.youtube.com/watch?v=gMy6qefdi4g	gMy6qefdi4g
WolfOfWallSt	https://www.youtube.com/watch?v=XYMMi1C0Nw0	XYMMi1C0Nw0
WolfOfWallSt	https://www.youtube.com/watch?v=1QQET7ictc4	1QQET7ictc4
WolfOfWallSt	https://www.youtube.com/watch?v=J-2T1k9w6MU	J-2T1k9w6MU
WolfOfWallSt	https://www.youtube.com/watch?v=zHYOZxGtmh0	zHYOZxGtmh0
WolfOfWallSt	https://www.youtube.com/watch?v=oqJPPmePtb0	oqJPPmePtb0
WolfOfWallSt	https://www.youtube.com/watch?v=H-2W_VhVmic	H-2W_VhVmic
WolfOfWallSt	https://www.youtube.com/watch?v=uJIOJXrJbkk	uJIOJXrJbkk
WolfOfWallSt	https://www.youtube.com/watch?v=w182EUj_XQ4	w182EUj_XQ4
WolfOfWallSt	https://www.youtube.com/watch?v=yQcEUFC-5es	yQcEUFC-5es
WolfOfWallSt	https://www.youtube.com/watch?v=x0yKqlUsd0o	x0yKqlUsd0o
WolfOfWallSt	https://www.youtube.com/watch?v=OMeWdm4t_mw	OMeWdm4t_mw
WolfOfWallSt	https://www.youtube.com/watch?v=ZHp7NAKJobg	ZHp7NAKJobg
WolfOfWallSt	https://www.youtube.com/watch?v=-l_YX5nT9WM	-l_YX5nT9WM
WolfOfWallSt	https://www.youtube.com/watch?v=rbC8ZEkI3rg	rbC8ZEkI3rg
WolfOfWallSt	https://www.youtube.com/watch?v=iOGVVapDvyE	iOGVVapDvyE
WolfOfWallSt	https://www.youtube.com/watch?v=hyaaKoCRXjQ	hyaaKoCRXjQ
WolfOfWallSt	https://www.youtube.com/watch?v=XrgmfCfwd4k	XrgmfCfwd4k
WolfOfWallSt	https://www.youtube.com/watch?v=KIpKjoDttSA	KIpKjoDttSA
WolfOfWallSt	https://www.youtube.com/watch?v=7oY3AjVeebk	7oY3AjVeebk
WolfOfWallSt	https://www.youtube.com/watch?v=NE0PHEQY_0o	NE0PHEQY_0o
WolfOfWallSt	https://www.youtube.com/watch?v=PopYNIFYrGE	PopYNIFYrGE
WolfOfWallSt	https://www.youtube.com/watch?v=VwxtRiaUMOM	VwxtRiaUMOM
WolfOfWallSt	https://www.youtube.com/watch?v=YApxXJqWGME	YApxXJqWGME
WolfOfWallSt	https://www.youtube.com/watch?v=4DJuoCkRLNE	4DJuoCkRLNE
WolfOfWallSt	https://www.youtube.com/watch?v=F7Dv78i5cPg	F7Dv78i5cPg
WolfOfWallSt	https://www.youtube.com/watch?v=-4HiB64I1zs	-4HiB64I1zs
WolfOfWallSt	https://www.youtube.com/watch?v=i6k36pRGVn4	i6k36pRGVn4
WolfOfWallSt	https://www.youtube.com/watch?v=lj5zQcfLDZA	lj5zQcfLDZA
WolfOfWallSt	https://www.youtube.com/watch?v=LBjObdqlPUM	LBjObdqlPUM
WolfOfWallSt	https://www.youtube.com/watch?v=6Vm7xMObX4k	6Vm7xMObX4k
WolfOfWallSt	https://www.youtube.com/watch?v=OxvjoK6RUm8	OxvjoK6RUm8
WolfOfWallSt	https://www.youtube.com/watch?v=1JOHiiOQM4Y	1JOHiiOQM4Y
WolfOfWallSt	https://www.youtube.com/watch?v=IxL23TRHgjk	IxL23TRHgjk
WolfOfWallSt	https://www.youtube.com/watch?v=GJ5e-2971js	GJ5e-2971js
WolfOfWallSt	https://www.youtube.com/watch?v=as4gmuGYQA4	as4gmuGYQA4
WolfOfWallSt	https://www.youtube.com/watch?v=dAsqkVX1yNU	dAsqkVX1yNU
carsonreed16	https://www.youtube.com/watch?v=JGFux_cVqFg	JGFux_cVqFg
owenrensland2	https://www.youtube.com/watch?v=zYDro_qqCok	zYDro_qqCok
TimYoon	https://www.youtube.com/watch?v=o3RaOEOUT5A	o3RaOEOUT5A
TimYoon	https://www.youtube.com/watch?v=eQsXOWu0-a8	eQsXOWu0-a8
theharut	https://www.youtube.com/watch?v=zKg3zZpchmI	zKg3zZpchmI
stanfordgsb	https://www.youtube.com/watch?v=wAHal48eokk	wAHal48eokk
timferriss	https://www.youtube.com/watch?v=fmpWGD1OxDo	fmpWGD1OxDo
timferriss	https://www.youtube.com/watch?v=wIgI_DiwZh4	wIgI_DiwZh4
timferriss	https://www.youtube.com/watch?v=yRFEb8KJC2I	yRFEb8KJC2I
timferriss	https://www.youtube.com/watch?v=10Wkb7hD0cU	10Wkb7hD0cU
timferriss	https://www.youtube.com/watch?v=szQwdZDiVh4	szQwdZDiVh4
timferriss	https://www.youtube.com/watch?v=eim8REOYLzA	eim8REOYLzA
growwithalex	https://www.youtube.com/watch?v=DLezXjpQosA	DLezXjpQosA
BrianTracyOfficial	https://www.youtube.com/watch?v=_hkUaicGmoA	_hkUaicGmoA
BlueprintGTM	https://www.youtube.com/watch?v=VF2t9qbBUDo	VF2t9qbBUDo
brentrivera	https://www.youtube.com/watch?v=_cVBzeq16y8	_cVBzeq16y8
brentrivera	https://www.youtube.com/watch?v=1LAWUNzw1MA	1LAWUNzw1MA
Sales_Feed	https://www.youtube.com/watch?v=aO3OPHGEYnY	aO3OPHGEYnY
Itssssss_Jack	https://www.youtube.com/watch?v=mvHGl6zEA3w	mvHGl6zEA3w
